rank,name,solved,recent
104,(wangh98),205,0
107,fjzzq2002,203,0
179,abcwuhang,157,0
32,czp,318,0
369,s251258132,109,0
397,(sel-fish),105,0
43,redhill42,302,0
185,(wzx961008),156,1
24,wwwwodddd,380,1
61,Tangent,252,1
8,LatticeGuy,521,1
82,wcysai,216,2
201,clearlove,153,3
164,tz397,162,4
1=,skyivben,600+,4
436,(289728525),101,5
225,xyz111,143,6
11,bukebuer,495,7
205,(dataisland),152,7
453,D_Tesla,100,7
7,eagles,527,7
135,Dezhonger,177,8
154,JTJL,169,8
80,lugionline,221,8
117,neutrino21,192,9
47,quailty,291,9
13,Shawnmaza,440,10
1=,Jrdevil,600+,10
1=,roosephu,600+,10
22,mathcraft,386,10
511,doc420836131,89,10
140,flxj,175,11
15,vxv,434,11
16,liuguangxi,434,11
1=,baihacker,600+,11
1=,lizhusong922,600+,11
27,sevenkplus,361,11
46,LzyRapx,294,11
68,vapor,237,11
36,vici,311,14
493,mytbk,91,14
576,OhHaHaHa,83,17
142,fancitron,174,18
316,1400011786,120,18
335,(shenlei),115,18
151,NiroBC,170,28
77,strong49,226,28
25,aaahhh,364,29
407,wftao1995,104,30
161,qlf2007,164,31
331,zball,116,31
1=,(whatsup),600+,33
175,(kiiiiii),159,41
246,jsxylzh,136,41
288,Miku_chousuki,126,43
99,luotuoqingshan,207,44
52,MATH_WangXU,268,48
150,Fazheng,171,49
229,wangch,141,50
334,zechac,115,51
575,southpacific,83,54
58,czgj1999,255,55
19,driversetc,399,56
170,michael_ho,160,57
10,taizhou,510,58
223,liuyaqiu,144,62
273,zrq,129,63
49,misaka20001,282,63
34,mpanlei,315,64
327,sittingbull,117,69
345,vvee99,113,70
240,Solaria,138,71
158,piaofengslg,166,76
217,Forever_you,147,76
260,cyand1317,132,78
94,bigeast,209,78
121,lyyshp,187,80
297,(sfiction),124,80
194,palayutm,154,81
249,mickeyandkaka,135,81
396,cpy,105,85
55,jackchess,259,87
65,zscc,246,94
352,NiklausMikaelson,112,95
33,int,315,96
388,Andy_Li,106,98
486,cq_xuke,92,100
457,art9,99,102
101,lyensolarism,206,104
533,goby,87,115
435,chehou,101,117
485,skywalkert,92,118
265,VictorWonder,131,119
18,GaoZone,408,123
510,sjt,89,123
71,wuyingddg,236,123
209,Nero,151,126
14,tec,436,127
30,ftiasch,333,127
517,Stilwell,88,129
351,thnt,112,134
103,grf1973,205,135
222,HJWAJ,144,137
344,(Nithouson),113,139
532,25kaikai,87,153
54,3140101958,265,157
406,anxinguo,104,160
251,zhuangxm,134,161
531,kererchui,87,168
555,yangfandn,85,170
492,manchery,91,173
64,luyunlong,247,177
88,Alec_tk,212,177
415,lijunkang,103,181
284,(XupingYao),127,183
157,(wywcgs),166,184
244,famx_pencil,137,185
81,yangxinyu,219,190
302,(FTYYY),122,194
565,ikindlefire,84,195
530,fingerfly,87,198
70,sharpeye,236,204
115,kennethsnow,195,208
330,(kangpengpeng),116,209
134,(lyp2015),177,210
41,esun-w,303,219
473,(cyyever),95,221
200,lotus,153,223
315,(ProjectYoung),120,224
149,ssynhtn,171,228
395,bloodwolf,105,233
541,abbypan,86,233
529,Dumbear,87,242
424,huizew,102,243
296,(huangyunict),124,246
56,Weifeng_Sun,258,246
491,(zhuoliuzhou),91,252
160,lanmaomao,165,256
363,wandering,110,256
193,huangd95,154,261
509,(grossopa),89,262
387,haryseldon,106,266
314,xw_y_am,120,267
50,lrzh,278,269
60,lidan615,252,271
130,lijiaqigreat,181,273
204,l1t,152,274
192,Sempr,154,278
423,dongbing,102,282
122,taoyijie,186,291
85,Sd.Invol,214,291
102,Yishun,205,303
590,zhuifengmu,82,307
422,justin03,102,310
381,syb9258,107,312
452,zerosnake0,100,313
508,JMan_Zx,89,314
434,wdztyang,101,320
564,(ylidb),84,323
184,lihaitao,156,329
73,(zbanach),234,332
9,cheng.di,520,332
451,s0ng,100,337
26,chzhou,361,344
376,XiaoTaoWang,108,346
433,rabbit_lb,101,357
76,andor9,226,357
283,chuzm15,127,364
84,qu317058542,214,364
183,hjf,156,365
323,Protoss,118,370
528,founderfan,87,372
169,(JavierWu),160,383
554,mywaythere,85,394
106,lunjgr,204,405
264,(geniusnut),131,412
432,kapok,101,413
340,zfhammer,114,415
322,laughinging,118,423
133,yuezheng,177,426
298,xuanyan,123,429
484,xWvxYWYxvWx,92,441
89,xymeng,211,444
414,petitfish,103,449
589,harrysun,82,453
313,(laysent),120,460
268,Heart_Blue,130,461
358,quietsmile,111,462
456,imxian,99,462
12,(lld2006),446,469
120,cuiaoxiang,188,475
275,spline,128,479
394,hongyan,105,482
139,(ronnoc),175,485
413,(levyliao),103,485
112,zhymaoiing,201,486
259,Ra1nWarden,132,490
292,(547826947),125,492
380,magic331,107,494
516,yininggeta1,88,495
174,infmagic2047,159,501
481,Nilnova,93,501
368,flyee,109,511
272,Eular,129,516
357,cherichy,111,517
126,bbsdkjdx,183,521
367,guanyishu,109,529
350,zhoufeng512,112,533
507,tieer,89,535
356,(eddyxu),111,547
563,(xycuckoo),84,563
98,foreverbell,207,564
210,xx331234,150,565
127,northwolves,182,567
20,ZhouYuChen,387,579
295,Bephbin,124,579
155,fwjmath,168,605
274,(--..),128,606
472,luobuda,95,620
527,thezero12,87,629
132,S3_N,179,635
237,(huayi),139,636
339,.sjtu-lyj,114,644
431,yang_bigarm,101,646
131,xiaoshua,180,650
562,(calvinxiao),84,652
301,HyperGroups,122,655
116,YiCyunSaBi,194,658
553,Key_Wgh,85,661
79,tifa,225,663
218,mo_0820,146,677
263,NBAFifa,131,681
199,Junix,153,683
306,(__Andy),121,687
393,(gedt11),105,689
574,jxyz123,83,689
123,ctzsm,185,697
258,(xieyh11),132,699
305,slipper_l,121,699
552,wakemecn,85,713
119,ftfish,188,723
156,shenyang,167,725
282,Eastsun,127,727
216,knorthplay,147,750
386,Puzzled,106,752
291,chenminqi,125,757
588,fizban007,82,757
375,sunt05,108,763
148,bjin,171,768
573,(Jie_HU),83,779
256,waterret,133,782
587,(saijie),82,782
467,(bigmortz),96,786
228,Amitabha,142,795
374,fjin,108,809
480,paroid,93,820
385,huangshenno1,106,822
173,brickgao,159,823
421,caoyi0905,102,842
113,cgy4ever,199,859
420,hikean,102,859
466,thinginitself,96,880
320,(xinix),119,882
255,sdyy1990,133,888
287,whuawell,126,899
362,Peeeee,110,901
319,PhyFrancis,119,919
281,candyfeline,127,920
93,mathyrl,209,925
146,jameslao,172,927
329,shiinamashiro,116,935
384,xiekaixuan,106,944
586,wanggen,82,947
450,(nkzimmon),100,953
109,yshui,202,987
39,taolei,306,991
572,pierre200328,83,992
271,(cwjcsu),129,993
479,zero.chs,93,993
87,alephalpha,212,998
257,(tmxk),132,1001
585,wyjail,82,1027
465,liuyubobobo,96,1036
280,minqiang,127,1044
561,leaveye,84,1047
430,(ivoryxiong),101,1048
198,Legendking,153,1055
338,yellowriver,114,1055
243,dinghysora,137,1057
191,yudx,154,1060
254,danei,133,1062
551,lsc930625,85,1081
213,xiaoyi,149,1088
550,yizha,85,1089
262,leeduhem,131,1091
279,huntxu,127,1091
506,Xihuan01,89,1092
560,mlnwc,84,1097
559,zuopeng,84,1099
419,Tain,102,1101
235,GideonWhu,140,1107
349,(707481877),112,1110
83,jasonzd,214,1116
326,taorunz,117,1125
498,broots,90,1129
379,AcrossTheSky,107,1134
490,Erjin_Zhou,91,1137
105,llq17501,204,1141
203,(milkyways),152,1143
471,Sacry,95,1148
190,litaoye,154,1150
449,yuniscomputing,100,1152
455,gameboy1024,99,1169
343,SilverBullet,113,1171
483,bigsh1p,92,1171
219,yushengjsman,145,1179
177,zmwang,158,1180
373,hulucc,108,1190
290,forresty,125,1192
145,haiwangcat,172,1198
111,wanbo,201,1201
549,duanyann,85,1202
584,deepseawhale,82,1203
159,tif,165,1204
51,l2y3n2,270,1206
470,_Ke,95,1207
44,scturtle,301,1211
178,qshadun,157,1217
348,akarin,112,1219
429,yun_sun,101,1221
505,dwh,89,1230
462,Javran,97,1241
239,(friarchen),138,1252
571,hongtengyin,83,1253
238,skyivair,138,1257
497,(yangyuxuan),90,1258
583,(zariskij),82,1268
412,onceloved,103,1276
448,equation314,100,1297
28,(Slipper),353,1306
108,staynight,202,1309
234,codelibrary,140,1309
515,iambic,88,1330
242,(flyraibow),137,1333
428,stoundmire,101,1333
496,tiger2fish,90,1337
418,iLang,102,1346
417,oinil,102,1353
366,belanov,109,1357
42,xtlisk,302,1360
392,gcd0318,105,1368
224,iljyya,143,1374
40,asmn,305,1374
600,klusting,81,1382
57,superdesert,257,1383
599,fangx13,81,1392
598,cby12,81,1393
172,sweetJ,159,1400
278,judaplus,127,1400
570,(shibingyu),83,1400
300,riku_in_japan,122,1401
233,yanhan13,140,1402
476,jmouse,94,1412
241,gnocuil,137,1420
342,cylixstar,113,1421
405,(wzw),104,1425
514,saintqdd,88,1426
372,meridional,108,1490
460,(jilinxie),98,1496
478,(hahahanibal),93,1500
495,CandyZ,90,1507
232,Gedicht,140,1513
337,mitcc,114,1541
526,kw120943839,87,1550
304,Chongkai,121,1551
582,kirklovy,82,1553
347,huangkan,112,1563
581,bladeralien,82,1568
66,greedp,242,1568
236,xxfen,139,1569
333,bistole,115,1569
525,jjwt,87,1575
361,(longwosion),110,1586
540,icedream91,86,1588
404,Erutan,104,1605
212,(li.stayhere),149,1607
365,allensong95,109,1607
86,lllllllllllll,213,1613
118,rujialiu,191,1617
96,xbtianlang,208,1623
475,pavelkang,94,1634
245,ACMonster,136,1639
569,koonom,83,1639
341,easymath3,113,1653
312,monad,120,1654
355,(ralphjessie),111,1663
403,tanghuanan,104,1665
289,fuwutu,125,1668
391,guangge77,105,1695
427,alpc62,101,1703
95,llhuii,208,1710
332,mayka.i.truba,115,1713
221,alphaxiang,144,1714
294,(liuq901),124,1724
17,dhu_try,420,1728
558,laotse,84,1728
597,aaronx,81,1729
277,manandsea,127,1758
136,wawnx,176,1762
162,(Bella),163,1762
231,(daniel.you),140,1763
250,bovinova,134,1764
276,justinxu,127,1765
426,yanlingevol,101,1767
141,__starrify__,174,1775
454,ljhku,99,1780
568,cheuk-fung,83,1780
447,Fandi,100,1794
303,Ro.C.yR,121,1804
402,citaret,104,1816
208,hkkhhk,151,1825
100,physhark,206,1828
138,DarknessGuideMe,175,1831
318,dsyin,119,1833
189,dreamsky,154,1840
45,HKX,300,1842
227,txyyss,142,1847
267,zxx714,130,1847
144,(whatasha),172,1850
524,sgm0002003,87,1858
360,cnbuff410,110,1859
494,giantchen,90,1864
125,kaifeng,184,1870
461,jiufengzi,97,1871
354,nickcen,111,1873
378,huzza,107,1874
153,chrisliu,169,1876
446,Hooloong,100,1877
207,aceeca1,151,1879
293,guoheng,124,1890
215,(critical27),147,1892
489,xuyanfeng,91,1893
557,ruibz,84,1893
147,skydark,171,1895
596,ishallfly,81,1895
416,mr_delphi,102,1911
168,cleaner_leon,160,1912
504,WJMZBMR,89,1912
523,(nisec_eric),87,1924
29,ljq,339,1925
197,youngkent,153,1930
299,leojay,122,1933
445,meye,100,1950
248,hhanger,135,1952
567,(tntljc),83,1953
474,plokzfadai,94,1954
211,bluefire,149,1957
247,2huluanzi,135,1970
548,yummiii,85,1975
401,MiceBiteWood,104,1997
37,waiwaipig,307,2004
383,Mei.Xuelan,106,2023
411,LeavittZhang,103,2025
444,DUANBELIEVE,100,2034
410,Mr.WireDancer,103,2041
72,chyx,234,2046
21,Jackalope,386,2053
547,donggua,85,2054
595,DaiYang,81,2067
63,xiaoyukina,251,2068
152,(lhr0909),169,2075
443,yeah1900,100,2081
503,ipodfans,89,2081
311,dgg32,120,2097
502,Golbez,89,2104
270,daifei4321,129,2105
286,Roowe,126,2107
501,patrol,89,2109
171,wanying,159,2118
477,Answeror,93,2122
31,goalboy,325,2133
285,leapforlove,126,2135
226,gjyalpha,142,2141
23,fox0571,384,2152
556,saucer2007,84,2152
137,wong.tong,175,2153
167,lzyzizi,160,2177
269,yshhq,129,2183
310,huangcd,120,2186
325,Greentie,117,2211
546,bamboodragonfly,85,2217
539,hetong_007,86,2223
48,coolwanglu,285,2226
545,chwang1986,85,2237
129,lby1990,181,2241
110,SkyShaw,201,2261
176,maomaoloverose,158,2266
187,RUCEric,155,2270
186,seanchen,155,2274
163,carryyouaway,162,2277
513,hywei,88,2288
566,Lozy,83,2288
538,jieshuzheng,86,2296
67,Ekoms_The_Insane,241,2297
544,nuhaiguhun,85,2317
580,zhaoda006,82,2318
166,jingwenhtp,161,2320
220,(fishgazer),144,2331
594,TNB,81,2335
579,ghostknight,82,2340
206,remember86,151,2341
442,windmisses,100,2342
441,Fred Lin,100,2349
464,zenwalk,96,2355
459,changsheng,98,2356
182,ziyuang,156,2359
390,valwang,105,2363
440,yessit,100,2370
409,dementrock,103,2385
253,wjthu,133,2414
69,stir67,236,2416
53,ben1222,267,2419
522,comaoe,87,2423
346,zjx20,112,2432
543,HEU_xueyan,85,2447
181,silwile,156,2471
78,zouxun,225,2482
439,jessicasco,100,2490
364,xl,109,2499
593,rdcyash,81,2512
425,mothing,101,2513
124,sha1,184,2519
75,Ledrug,231,2566
180,yinan,156,2607
377,xjlinyueru,107,2624
389,ul0402206,105,2645
214,melon1234,147,2649
252,matman,133,2649
537,yaac,86,2657
400,yangsx,104,2665
536,chinshin,86,2669
143,HenryYang,173,2680
592,liquanwei,81,2697
535,panda_lin,86,2705
458,bbschat,98,2732
309,ljz,120,2742
488,apzc2529,91,2745
399,Alel,104,2747
438,riobard,100,2747
308,ncuww,120,2751
35,zhzs,312,2777
266,jiangerji,130,2784
487,coffee.stone,91,2801
38,eming,306,2819
437,amadeoh,100,2819
521,SsJia,87,2823
578,sgi,82,2837
97,purelisp,207,2859
196,chensdiscovery,153,2919
202,huanzhou2006,152,2920
542,zkl132,85,2923
128,seaker,181,2989
328,daiwb,116,3003
382,yejianye,106,3003
353,Honeypot,111,3006
500,haha_win7,89,3063
469,MaZhanlei,95,3066
321,winxos,118,3084
482,oyyfj,92,3108
230,huguang,140,3121
114,redfield,195,3152
534,mpouse,86,3161
74,BigGuava,233,3168
408,txguo,103,3170
195,dirtysalt,153,3187
59,Rinick,254,3195
188,linxh,154,3212
520,snake0406,87,3283
165,phrock,161,3285
371,xingjianan,108,3290
468,Gloria,95,3290
62,falseskywalker,251,3308
370,yanzixiang,108,3327
336,chencc,114,3370
92,hupo001,209,3386
591,henterji,81,3395
519,jinzhidong2539,87,3420
577,fdks,82,3475
359,JeffG,110,3481
518,RichardCheng,87,3520
324,wavellite,117,3546
91,MATLABMATH,210,3566
90,idiot94,210,3570
307,qdzcslj,120,3576
317,qwertybilly,119,3576
398,lidaobing,104,3580
512,jinjing,88,3604
463,sailuo,96,3614
499,SunMoon,89,3785
261,helium,131,3975
