rank,name,solved,recent
1=,roosephu,600+,10
1=,baihacker,600+,11
1=,lizhusong922,600+,11
1=,Jrdevil,600+,10
1=,skyivben,600+,4
1=,(whatsup),600+,33
7,eagles,527,7
8,LatticeGuy,521,1
9,cheng.di,520,332
10,taizhou,510,58
11,bukebuer,495,7
12,(lld2006),446,469
13,Shawnmaza,440,10
14,tec,436,127
15,vxv,434,11
16,liuguangxi,434,11
17,dhu_try,420,1728
18,GaoZone,408,123
19,driversetc,399,56
20,ZhouYuChen,387,579
21,Jackalope,386,2053
22,mathcraft,386,10
23,fox0571,384,2152
24,wwwwodddd,380,1
25,aaahhh,364,29
26,chzhou,361,344
27,sevenkplus,361,11
28,(Slipper),353,1306
29,ljq,339,1925
30,ftiasch,333,127
31,goalboy,325,2133
32,czp,318,0
33,int,315,96
34,mpanlei,315,64
35,zhzs,312,2777
36,vici,311,14
37,waiwaipig,307,2004
38,eming,306,2819
39,taolei,306,991
40,asmn,305,1374
41,esun-w,303,219
42,xtlisk,302,1360
43,redhill42,302,0
44,scturtle,301,1211
45,HKX,300,1842
46,LzyRapx,294,11
47,quailty,291,9
48,coolwanglu,285,2226
49,misaka20001,282,63
50,lrzh,278,269
51,l2y3n2,270,1206
52,MATH_WangXU,268,48
53,ben1222,267,2419
54,3140101958,265,157
55,jackchess,259,87
56,Weifeng_Sun,258,246
57,superdesert,257,1383
58,czgj1999,255,55
59,Rinick,254,3195
60,lidan615,252,271
61,Tangent,252,1
62,falseskywalker,251,3308
63,xiaoyukina,251,2068
64,luyunlong,247,177
65,zscc,246,94
66,greedp,242,1568
67,Ekoms_The_Insane,241,2297
68,vapor,237,11
69,stir67,236,2416
70,sharpeye,236,204
71,wuyingddg,236,123
72,chyx,234,2046
73,(zbanach),234,332
74,BigGuava,233,3168
75,Ledrug,231,2566
76,andor9,226,357
77,strong49,226,28
78,zouxun,225,2482
79,tifa,225,663
80,lugionline,221,8
81,yangxinyu,219,190
82,wcysai,216,2
83,jasonzd,214,1116
84,qu317058542,214,364
85,Sd.Invol,214,291
86,lllllllllllll,213,1613
87,alephalpha,212,998
88,Alec_tk,212,177
89,xymeng,211,444
90,idiot94,210,3570
91,MATLABMATH,210,3566
92,hupo001,209,3386
93,mathyrl,209,925
94,bigeast,209,78
95,llhuii,208,1710
96,xbtianlang,208,1623
97,purelisp,207,2859
98,foreverbell,207,564
99,luotuoqingshan,207,44
100,physhark,206,1828
101,lyensolarism,206,104
102,Yishun,205,303
103,grf1973,205,135
104,(wangh98),205,0
105,llq17501,204,1141
106,lunjgr,204,405
107,fjzzq2002,203,0
108,staynight,202,1309
109,yshui,202,987
110,SkyShaw,201,2261
111,wanbo,201,1201
112,zhymaoiing,201,486
113,cgy4ever,199,859
114,redfield,195,3152
115,kennethsnow,195,208
116,YiCyunSaBi,194,658
117,neutrino21,192,9
118,rujialiu,191,1617
119,ftfish,188,723
120,cuiaoxiang,188,475
121,lyyshp,187,80
122,taoyijie,186,291
123,ctzsm,185,697
124,sha1,184,2519
125,kaifeng,184,1870
126,bbsdkjdx,183,521
127,northwolves,182,567
128,seaker,181,2989
129,lby1990,181,2241
130,lijiaqigreat,181,273
131,xiaoshua,180,650
132,S3_N,179,635
133,yuezheng,177,426
134,(lyp2015),177,210
135,Dezhonger,177,8
136,wawnx,176,1762
137,wong.tong,175,2153
138,DarknessGuideMe,175,1831
139,(ronnoc),175,485
140,flxj,175,11
141,__starrify__,174,1775
142,fancitron,174,18
143,HenryYang,173,2680
144,(whatasha),172,1850
145,haiwangcat,172,1198
146,jameslao,172,927
147,skydark,171,1895
148,bjin,171,768
149,ssynhtn,171,228
150,Fazheng,171,49
151,NiroBC,170,28
152,(lhr0909),169,2075
153,chrisliu,169,1876
154,JTJL,169,8
155,fwjmath,168,605
156,shenyang,167,725
157,(wywcgs),166,184
158,piaofengslg,166,76
159,tif,165,1204
160,lanmaomao,165,256
161,qlf2007,164,31
162,(Bella),163,1762
163,carryyouaway,162,2277
164,tz397,162,4
165,phrock,161,3285
166,jingwenhtp,161,2320
167,lzyzizi,160,2177
168,cleaner_leon,160,1912
169,(JavierWu),160,383
170,michael_ho,160,57
171,wanying,159,2118
172,sweetJ,159,1400
173,brickgao,159,823
174,infmagic2047,159,501
175,(kiiiiii),159,41
176,maomaoloverose,158,2266
177,zmwang,158,1180
178,qshadun,157,1217
179,abcwuhang,157,0
180,yinan,156,2607
181,silwile,156,2471
182,ziyuang,156,2359
183,hjf,156,365
184,lihaitao,156,329
185,(wzx961008),156,1
186,seanchen,155,2274
187,RUCEric,155,2270
188,linxh,154,3212
189,dreamsky,154,1840
190,litaoye,154,1150
191,yudx,154,1060
192,Sempr,154,278
193,huangd95,154,261
194,palayutm,154,81
195,dirtysalt,153,3187
196,chensdiscovery,153,2919
197,youngkent,153,1930
198,Legendking,153,1055
199,Junix,153,683
200,lotus,153,223
201,clearlove,153,3
202,huanzhou2006,152,2920
203,(milkyways),152,1143
204,l1t,152,274
205,(dataisland),152,7
206,remember86,151,2341
207,aceeca1,151,1879
208,hkkhhk,151,1825
209,Nero,151,126
210,xx331234,150,565
211,bluefire,149,1957
212,(li.stayhere),149,1607
213,xiaoyi,149,1088
214,melon1234,147,2649
215,(critical27),147,1892
216,knorthplay,147,750
217,Forever_you,147,76
218,mo_0820,146,677
219,yushengjsman,145,1179
220,(fishgazer),144,2331
221,alphaxiang,144,1714
222,HJWAJ,144,137
223,liuyaqiu,144,62
224,iljyya,143,1374
225,xyz111,143,6
226,gjyalpha,142,2141
227,txyyss,142,1847
228,Amitabha,142,795
229,wangch,141,50
230,huguang,140,3121
231,(daniel.you),140,1763
232,Gedicht,140,1513
233,yanhan13,140,1402
234,codelibrary,140,1309
235,GideonWhu,140,1107
236,xxfen,139,1569
237,(huayi),139,636
238,skyivair,138,1257
239,(friarchen),138,1252
240,Solaria,138,71
241,gnocuil,137,1420
242,(flyraibow),137,1333
243,dinghysora,137,1057
244,famx_pencil,137,185
245,ACMonster,136,1639
246,jsxylzh,136,41
247,2huluanzi,135,1970
248,hhanger,135,1952
249,mickeyandkaka,135,81
250,bovinova,134,1764
251,zhuangxm,134,161
252,matman,133,2649
253,wjthu,133,2414
254,danei,133,1062
255,sdyy1990,133,888
256,waterret,133,782
257,(tmxk),132,1001
258,(xieyh11),132,699
259,Ra1nWarden,132,490
260,cyand1317,132,78
261,helium,131,3975
262,leeduhem,131,1091
263,NBAFifa,131,681
264,(geniusnut),131,412
265,VictorWonder,131,119
266,jiangerji,130,2784
267,zxx714,130,1847
268,Heart_Blue,130,461
269,yshhq,129,2183
270,daifei4321,129,2105
271,(cwjcsu),129,993
272,Eular,129,516
273,zrq,129,63
274,(--..),128,606
275,spline,128,479
276,justinxu,127,1765
277,manandsea,127,1758
278,judaplus,127,1400
279,huntxu,127,1091
280,minqiang,127,1044
281,candyfeline,127,920
282,Eastsun,127,727
283,chuzm15,127,364
284,(XupingYao),127,183
285,leapforlove,126,2135
286,Roowe,126,2107
287,whuawell,126,899
288,Miku_chousuki,126,43
289,fuwutu,125,1668
290,forresty,125,1192
291,chenminqi,125,757
292,(547826947),125,492
293,guoheng,124,1890
294,(liuq901),124,1724
295,Bephbin,124,579
296,(huangyunict),124,246
297,(sfiction),124,80
298,xuanyan,123,429
299,leojay,122,1933
300,riku_in_japan,122,1401
301,HyperGroups,122,655
302,(FTYYY),122,194
303,Ro.C.yR,121,1804
304,Chongkai,121,1551
305,slipper_l,121,699
306,(__Andy),121,687
307,qdzcslj,120,3576
308,ncuww,120,2751
309,ljz,120,2742
310,huangcd,120,2186
311,dgg32,120,2097
312,monad,120,1654
313,(laysent),120,460
314,xw_y_am,120,267
315,(ProjectYoung),120,224
316,1400011786,120,18
317,qwertybilly,119,3576
318,dsyin,119,1833
319,PhyFrancis,119,919
320,(xinix),119,882
321,winxos,118,3084
322,laughinging,118,423
323,Protoss,118,370
324,wavellite,117,3546
325,Greentie,117,2211
326,taorunz,117,1125
327,sittingbull,117,69
328,daiwb,116,3003
329,shiinamashiro,116,935
330,(kangpengpeng),116,209
331,zball,116,31
332,mayka.i.truba,115,1713
333,bistole,115,1569
334,zechac,115,51
335,(shenlei),115,18
336,chencc,114,3370
337,mitcc,114,1541
338,yellowriver,114,1055
339,.sjtu-lyj,114,644
340,zfhammer,114,415
341,easymath3,113,1653
342,cylixstar,113,1421
343,SilverBullet,113,1171
344,(Nithouson),113,139
345,vvee99,113,70
346,zjx20,112,2432
347,huangkan,112,1563
348,akarin,112,1219
349,(707481877),112,1110
350,zhoufeng512,112,533
351,thnt,112,134
352,NiklausMikaelson,112,95
353,Honeypot,111,3006
354,nickcen,111,1873
355,(ralphjessie),111,1663
356,(eddyxu),111,547
357,cherichy,111,517
358,quietsmile,111,462
359,JeffG,110,3481
360,cnbuff410,110,1859
361,(longwosion),110,1586
362,Peeeee,110,901
363,wandering,110,256
364,xl,109,2499
365,allensong95,109,1607
366,belanov,109,1357
367,guanyishu,109,529
368,flyee,109,511
369,s251258132,109,0
370,yanzixiang,108,3327
371,xingjianan,108,3290
372,meridional,108,1490
373,hulucc,108,1190
374,fjin,108,809
375,sunt05,108,763
376,XiaoTaoWang,108,346
377,xjlinyueru,107,2624
378,huzza,107,1874
379,AcrossTheSky,107,1134
380,magic331,107,494
381,syb9258,107,312
382,yejianye,106,3003
383,Mei.Xuelan,106,2023
384,xiekaixuan,106,944
385,huangshenno1,106,822
386,Puzzled,106,752
387,haryseldon,106,266
388,Andy_Li,106,98
389,ul0402206,105,2645
390,valwang,105,2363
391,guangge77,105,1695
392,gcd0318,105,1368
393,(gedt11),105,689
394,hongyan,105,482
395,bloodwolf,105,233
396,cpy,105,85
397,(sel-fish),105,0
398,lidaobing,104,3580
399,Alel,104,2747
400,yangsx,104,2665
401,MiceBiteWood,104,1997
402,citaret,104,1816
403,tanghuanan,104,1665
404,Erutan,104,1605
405,(wzw),104,1425
406,anxinguo,104,160
407,wftao1995,104,30
408,txguo,103,3170
409,dementrock,103,2385
410,Mr.WireDancer,103,2041
411,LeavittZhang,103,2025
412,onceloved,103,1276
413,(levyliao),103,485
414,petitfish,103,449
415,lijunkang,103,181
416,mr_delphi,102,1911
417,oinil,102,1353
418,iLang,102,1346
419,Tain,102,1101
420,hikean,102,859
421,caoyi0905,102,842
422,justin03,102,310
423,dongbing,102,282
424,huizew,102,243
425,mothing,101,2513
426,yanlingevol,101,1767
427,alpc62,101,1703
428,stoundmire,101,1333
429,yun_sun,101,1221
430,(ivoryxiong),101,1048
431,yang_bigarm,101,646
432,kapok,101,413
433,rabbit_lb,101,357
434,wdztyang,101,320
435,chehou,101,117
436,(289728525),101,5
437,amadeoh,100,2819
438,riobard,100,2747
439,jessicasco,100,2490
440,yessit,100,2370
441,Fred Lin,100,2349
442,windmisses,100,2342
443,yeah1900,100,2081
444,DUANBELIEVE,100,2034
445,meye,100,1950
446,Hooloong,100,1877
447,Fandi,100,1794
448,equation314,100,1297
449,yuniscomputing,100,1152
450,(nkzimmon),100,953
451,s0ng,100,337
452,zerosnake0,100,313
453,D_Tesla,100,7
454,ljhku,99,1780
455,gameboy1024,99,1169
456,imxian,99,462
457,art9,99,102
458,bbschat,98,2732
459,changsheng,98,2356
460,(jilinxie),98,1496
461,jiufengzi,97,1871
462,Javran,97,1241
463,sailuo,96,3614
464,zenwalk,96,2355
465,liuyubobobo,96,1036
466,thinginitself,96,880
467,(bigmortz),96,786
468,Gloria,95,3290
469,MaZhanlei,95,3066
470,_Ke,95,1207
471,Sacry,95,1148
472,luobuda,95,620
473,(cyyever),95,221
474,plokzfadai,94,1954
475,pavelkang,94,1634
476,jmouse,94,1412
477,Answeror,93,2122
478,(hahahanibal),93,1500
479,zero.chs,93,993
480,paroid,93,820
481,Nilnova,93,501
482,oyyfj,92,3108
483,bigsh1p,92,1171
484,xWvxYWYxvWx,92,441
485,skywalkert,92,118
486,cq_xuke,92,100
487,coffee.stone,91,2801
488,apzc2529,91,2745
489,xuyanfeng,91,1893
490,Erjin_Zhou,91,1137
491,(zhuoliuzhou),91,252
492,manchery,91,173
493,mytbk,91,14
494,giantchen,90,1864
495,CandyZ,90,1507
496,tiger2fish,90,1337
497,(yangyuxuan),90,1258
498,broots,90,1129
499,SunMoon,89,3785
500,haha_win7,89,3063
501,patrol,89,2109
502,Golbez,89,2104
503,ipodfans,89,2081
504,WJMZBMR,89,1912
505,dwh,89,1230
506,Xihuan01,89,1092
507,tieer,89,535
508,JMan_Zx,89,314
509,(grossopa),89,262
510,sjt,89,123
511,doc420836131,89,10
512,jinjing,88,3604
513,hywei,88,2288
514,saintqdd,88,1426
515,iambic,88,1330
516,yininggeta1,88,495
517,Stilwell,88,129
518,RichardCheng,87,3520
519,jinzhidong2539,87,3420
520,snake0406,87,3283
521,SsJia,87,2823
522,comaoe,87,2423
523,(nisec_eric),87,1924
524,sgm0002003,87,1858
525,jjwt,87,1575
526,kw120943839,87,1550
527,thezero12,87,629
528,founderfan,87,372
529,Dumbear,87,242
530,fingerfly,87,198
531,kererchui,87,168
532,25kaikai,87,153
533,goby,87,115
534,mpouse,86,3161
535,panda_lin,86,2705
536,chinshin,86,2669
537,yaac,86,2657
538,jieshuzheng,86,2296
539,hetong_007,86,2223
540,icedream91,86,1588
541,abbypan,86,233
542,zkl132,85,2923
543,HEU_xueyan,85,2447
544,nuhaiguhun,85,2317
545,chwang1986,85,2237
546,bamboodragonfly,85,2217
547,donggua,85,2054
548,yummiii,85,1975
549,duanyann,85,1202
550,yizha,85,1089
551,lsc930625,85,1081
552,wakemecn,85,713
553,Key_Wgh,85,661
554,mywaythere,85,394
555,yangfandn,85,170
556,saucer2007,84,2152
557,ruibz,84,1893
558,laotse,84,1728
559,zuopeng,84,1099
560,mlnwc,84,1097
561,leaveye,84,1047
562,(calvinxiao),84,652
563,(xycuckoo),84,563
564,(ylidb),84,323
565,ikindlefire,84,195
566,Lozy,83,2288
567,(tntljc),83,1953
568,cheuk-fung,83,1780
569,koonom,83,1639
570,(shibingyu),83,1400
571,hongtengyin,83,1253
572,pierre200328,83,992
573,(Jie_HU),83,779
574,jxyz123,83,689
575,southpacific,83,54
576,OhHaHaHa,83,17
577,fdks,82,3475
578,sgi,82,2837
579,ghostknight,82,2340
580,zhaoda006,82,2318
581,bladeralien,82,1568
582,kirklovy,82,1553
583,(zariskij),82,1268
584,deepseawhale,82,1203
585,wyjail,82,1027
586,wanggen,82,947
587,(saijie),82,782
588,fizban007,82,757
589,harrysun,82,453
590,zhuifengmu,82,307
591,henterji,81,3395
592,liquanwei,81,2697
593,rdcyash,81,2512
594,TNB,81,2335
595,DaiYang,81,2067
596,ishallfly,81,1895
597,aaronx,81,1729
598,cby12,81,1393
599,fangx13,81,1392
600,klusting,81,1382
